Nama Instansi,Nama Satuan Kerja,Kode Paket,Kode RUP,Tahun Anggaran,Sumber Transaksi,Sumber Dana,Nama Penyedia,Metode Pengadaan,Jenis Pengadaan,Nama Paket,Status Paket,Total Nilai (Rp),Nilai PDN (Rp)
KAB. MANDAILING NATAL,RUMAH SAKIT UMUM DAERAH PANYABUNGAN - 1.02.0.00.0.00.02.0001,01KSERANCFFGP100GSN7VRBCEC,66765523,2026,E-Katalog 6.0,BLUD,YARINDO FARMATAMA,E-Purchasing,Barang,Belanja Barang dan Jasa BLUD,ON PROCESS,9240750,9240750
KAB. MANDAILING NATAL,SEKRETARIAT DAERAH KABUPATEN - 4.01.5.06.0.00.24.0000,01KPT4EFKA2DREQGZEFJWTZWW7,66359653,2026,E-Katalog 6.0,APBD,BERKAH QYMERA,E-Purchasing,Jasa Lainnya,Belanja Sewa Sarana Mobilitas Darat - Pemberangkatan dan Pemulangan Jema'ah Haji,ON PROCESS,192185400,192185400
KAB. MANDAILING NATAL,RUMAH SAKIT UMUM DAERAH PANYABUNGAN - 1.02.0.00.0.00.02.0001,01KPFCV8G6TNE95RMFKCV9XJZ3,66765523,2026,E-Katalog 6.0,BLUD,GLAXO WELLCOME INDONESIA,E-Purchasing,Barang,Belanja Barang dan Jasa BLUD,ON PROCESS,15923128,0
KAB. MANDAILING NATAL,RUMAH SAKIT UMUM DAERAH PANYABUNGAN - 1.02.0.00.0.00.02.0001,01KPZ19782XAD5NM4J8MZK159W,66250786,2026,E-Katalog 6.0,APBD,OLYMPUS MEDICAL INDONESIA,E-Purchasing,Barang,Belanja Modal Alat Kesehatan Umum Lainnya,ON PROCESS,3528000001,0
KAB. MANDAILING NATAL,RUMAH SAKIT UMUM DAERAH PANYABUNGAN - 1.02.0.00.0.00.02.0001,01KS72XAY7500WZQ8A8FM548MR,66765523,2026,E-Katalog 6.0,BLUD,KIMIA FARMA,E-Purchasing,Barang,Belanja Barang dan Jasa BLUD,ON PROCESS,50867326,50867326
KAB. MANDAILING NATAL,DINAS KOMUNIKASI DAN INFORMATIKA - 2.16.2.20.2.21.15.0000,01KSETT7SX1PZFK64YP3HKWX32,64957102,2026,E-Katalog 6.0,APBD,PERUSAHAAN PERSEROAN (PERSERO) PT. TELEKOMUNIKASI INDONESIA,E-Purchasing,Jasa Lainnya,Internet Service Provider (Domestik)  90 Mbps,ON PROCESS,212810088,212810088
KAB. MANDAILING NATAL,DINAS PERDAGANGAN - 3.30.3.31.0.00.23.0000,10869919000,67105527,2026,Non Tender,APBD,CV. RENDER CONSULTANT,Pengadaan Langsung,Jasa Konsultansi Badan Usaha Konstruksi,Jasa Konsultansi Pengawasan Fisik Sarana dan Prasarana Bidang Pengembangan Perdagangan,SELESAI,39504900,39504900
KAB. MANDAILING NATAL,DINAS PERDAGANGAN - 3.30.3.31.0.00.23.0000,10858029000,65155640,2026,Non Tender,APBD,CV. ALDRICH PERDANA KARYA,Pengadaan Langsung,Pekerjaan Konstruksi,Pembangunan Sarana dan Prasarana Pasar Kelas III Gunung Baringin Kecamatan Panyabungan Timur,BERLANGSUNG,99300000,99300000
KAB. MANDAILING NATAL,BADAN PENDAPATAN DAERAH - 5.02.0.00.0.00.28.0000,01KS47PHS3TFF78APD7QQ7R48E,64677154,2026,E-Katalog 6.0,APBD,HASBIH SHIDDIQ ,E-Purchasing,Barang,Belanja Modal Peralatan Komputer Lainnya,ON PROCESS,99217350,99217350
KAB. MANDAILING NATAL,RUMAH SAKIT UMUM DAERAH PANYABUNGAN - 1.02.0.00.0.00.02.0001,01KQ923H26S4VWKJ9B3RZK822Z,66335920,2026,E-Katalog 6.0,BLUD,MEGA ANDALAN KALASAN,E-Purchasing,Barang,Belanja Modal Peralatan dan Mesin BLUD,ON PROCESS,13808400,13808400
KAB. MANDAILING NATAL,RUMAH SAKIT UMUM DAERAH PANYABUNGAN - 1.02.0.00.0.00.02.0001,01KP7TXJWZ1V33CET02M488H0H,66336620,2026,E-Katalog 6.0,BLUD,MEDTEK,E-Purchasing,Barang,Belanja Modal Peralatan dan Mesin BLUD,ON PROCESS,29970000,0
KAB. MANDAILING NATAL,DINAS LINGKUNGAN HIDUP - 2.11.0.00.0.00.10.0000,01KRX8TYFKAD76C922WTWK4HZH,67083603,2026,E-Katalog 6.0,APBD,BARINGIN MADANI,E-Purchasing,Jasa Lainnya,Belanja Jasa Petugas Kebersihan /Supir/Tukang Sapu/Petugas TPA/Petugas Pertamanan pada Dinas Lingkungan Hidup,ON PROCESS,149600000,149600000
KAB. MANDAILING NATAL,RUMAH SAKIT UMUM DAERAH PANYABUNGAN - 1.02.0.00.0.00.02.0001,01KQ1AJZ9CEAXKCZXE3YMRFS1V,66765523,2026,E-Katalog 6.0,BLUD,SOHO INDUSTRI PHARMASI,E-Purchasing,Barang,Belanja Barang dan Jasa BLUD,ON PROCESS,7892100,0
KAB. MANDAILING NATAL,DINAS PERTANIAN - 3.27.0.00.0.00.22.0000,01KKDGQQ4Z5BCR58PMYAZ3MT4S,65654478,2026,E-Katalog 6.0,APBD,SETYA SARI SUKSES,E-Purchasing,Barang,Belanja Barang untuk Dijual/Diserahkan kepada Masyarakat,PAYMENT OUTSIDE SYSTEM,73165500,73165500
KAB. MANDAILING NATAL,RUMAH SAKIT UMUM DAERAH PANYABUNGAN - 1.02.0.00.0.00.02.0001,01KNXKFD2Z797NKW7WTEFMRENY,66765523,2026,E-Katalog 6.0,BLUD,DEXA MEDICA,E-Purchasing,Barang,Belanja Barang dan Jasa BLUD,ON PROCESS,54334520,54334520
KAB. MANDAILING NATAL,RUMAH SAKIT UMUM DAERAH PANYABUNGAN - 1.02.0.00.0.00.02.0001,01KSERNSQC0FTQBJ4VZPJ2H1H5,66765523,2026,E-Katalog 6.0,BLUD,KALBIO GLOBAL MEDIKA,E-Purchasing,Barang,Belanja Barang dan Jasa BLUD,ON PROCESS,4499996,0
KAB. MANDAILING NATAL,DINAS KESEHATAN - 1.02.0.00.0.00.02.0000,01KQS1SCSZEY3J95JZJE7DD32H,65384940,2026,E-Katalog 6.0,APBD,ABADI KESLING INDONESIA,E-Purchasing,Barang,Reagen Sanitarian Kit,ON PROCESS,63936000,63936000
KAB. MANDAILING NATAL,RUMAH SAKIT UMUM DAERAH PANYABUNGAN - 1.02.0.00.0.00.02.0001,01KKN8V2W6VAVZ1KVETTR3W5DN,66334464,2026,E-Katalog 6.0,BLUD,INTISUMBER HASIL SEMPURNA GLOBAL,E-Purchasing,Barang,Belanja Modal Peralatan dan Mesin BLUD,ON PROCESS,452436000,0
KAB. MANDAILING NATAL,DINAS LINGKUNGAN HIDUP - 2.11.0.00.0.00.10.0000,01KRX4DZ9Z9Q8SGFBCRTHMTHMJ,67017943,2026,E-Katalog 6.0,APBD,BARINGIN MADANI,E-Purchasing,Jasa Lainnya,Belanja Jasa Tenaga Kebersihan,ON PROCESS,72000000,72000000
KAB. MANDAILING NATAL,RUMAH SAKIT UMUM DAERAH PANYABUNGAN - 1.02.0.00.0.00.02.0001,01KQBSVVGBRTW1JVJT2PM76TKE,66991161,2026,E-Katalog 6.0,BLUD,PT. VISI YOSINDO MEDIKAL ,E-Purchasing,Barang,Belanja Modal Peralatan dan Mesin BLUD,ON PROCESS,14610009,0
KAB. MANDAILING NATAL,DINAS PERDAGANGAN - 3.30.3.31.0.00.23.0000,10777788000,65152370,2026,Non Tender,APBD,CV. RRH CONSULTANT,Pengadaan Langsung,Jasa Konsultansi Badan Usaha Konstruksi,Jasa Konsultansi Perencanaan Fisik Sarana dan Prasarana Bidang Pengembangan Perdagangan,SELESAI,39482700,39482700
KAB. MANDAILING NATAL,RUMAH SAKIT UMUM DAERAH PANYABUNGAN - 1.02.0.00.0.00.02.0001,01KS9SDHG40KYYE0AYF638DEAZ,66765523,2026,E-Katalog 6.0,BLUD,MERSIFARMA TIRMAKU MERCUSANA,E-Purchasing,Barang,Belanja Barang dan Jasa BLUD,ON PROCESS,29815710,29815710
KAB. MANDAILING NATAL,RUMAH SAKIT UMUM DAERAH PANYABUNGAN - 1.02.0.00.0.00.02.0001,01KSHFKHK4DX65FQ87ZSDMKM2G,66765523,2026,E-Katalog 6.0,BLUD,WIGO HEALTH INDONESIA,E-Purchasing,Barang,Belanja Barang dan Jasa BLUD,ON PROCESS,19065138,0
KAB. MANDAILING NATAL,RUMAH SAKIT UMUM DAERAH PANYABUNGAN - 1.02.0.00.0.00.02.0001,01KSHFB1H7W60YJ5CFY1770X4E,66765523,2026,E-Katalog 6.0,BLUD,GLAXO WELLCOME INDONESIA,E-Purchasing,Barang,Belanja Barang dan Jasa BLUD,ON PROCESS,15923128,0
KAB. MANDAILING NATAL,DINAS PERTANIAN - 3.27.0.00.0.00.22.0000,10831320000,66925558,2026,Non Tender,APBD,CV.HD KARYA CONSULTANT,Pengadaan Langsung,Jasa Konsultansi Badan Usaha Konstruksi,Jasa Konsultan Perencanaan Pembangunan/Rehabilitasi Jaringan Irigasi Desa (JIDES),SELESAI,24142500,24142500
KAB. MANDAILING NATAL,DINAS KEPENDUDUKAN DAN PENCATATAN SIPIL - 2.12.0.00.0.00.11.0000,01KP80V503EDF839BTQKN9W65E,66116339,2026,E-Katalog 6.0,APBD,KREASI KENANGA,E-Purchasing,Barang,Belanja Modal Personal Computer,PAYMENT OUTSIDE SYSTEM,86795340,0
KAB. MANDAILING NATAL,DINAS PERTANIAN - 3.27.0.00.0.00.22.0000,01KKX6X79TB5XR36RSHAP57D74,65654572,2026,E-Katalog 6.0,APBD,SETYA SARI SUKSES,E-Purchasing,Barang,Belanja Barang untuk Dijual/Diserahkan kepada Masyarakat,PAYMENT OUTSIDE SYSTEM,129684000,129684000
KAB. MANDAILING NATAL,DINAS PENDIDIKAN DAN KEBUDAYAAN - 1.01.2.22.0.00.01.0000,01KTJN0TA101V5F6R8MFVMDCVX,67216649,2026,E-Katalog 6.0,APBD,KOTAMA,E-Purchasing,Barang,Belanja Barang untuk Dijual/Diserahkan kepada Masyarakat,ON PROCESS,153180000,153180000
KAB. MANDAILING NATAL,RUMAH SAKIT UMUM DAERAH PANYABUNGAN - 1.02.0.00.0.00.02.0001,01KS4H9Q2117RTJZYXB1DMRXZD,66808316,2026,E-Katalog 6.0,BLUD,INSABA MEDIA UTAMA,E-Purchasing,Barang,Belanja Barang dan Jasa BLUD,ON PROCESS,28915500,28915500
KAB. MANDAILING NATAL,RUMAH SAKIT UMUM DAERAH PANYABUNGAN - 1.02.0.00.0.00.02.0001,01KNKJJRG5ET1EHTWZKPHTAKGJ,66765523,2026,E-Katalog 6.0,BLUD,KIMIA FARMA,E-Purchasing,Barang,Belanja Barang dan Jasa BLUD,ON PROCESS,11512032,11512032
KAB. MANDAILING NATAL,RUMAH SAKIT UMUM DAERAH PANYABUNGAN - 1.02.0.00.0.00.02.0001,01KTJQWD5W8A744V0KZZ1YNE3F,67262930,2026,E-Katalog 6.0,BLUD,NUSA HARISMA KARYA,E-Purchasing,Barang,Belanja Modal Peralatan dan Mesin BLUD,ON PROCESS,299700000,299700000
KAB. MANDAILING NATAL,RUMAH SAKIT UMUM DAERAH PANYABUNGAN - 1.02.0.00.0.00.02.0001,01KQ1BCKMA9441DQ7BWM3XQWJ5,66765523,2026,E-Katalog 6.0,BLUD,TUNGGAL IDAMAN ABDI,E-Purchasing,Barang,Belanja Barang dan Jasa BLUD,ON PROCESS,1417358,0
KAB. MANDAILING NATAL,RUMAH SAKIT UMUM DAERAH PANYABUNGAN - 1.02.0.00.0.00.02.0001,10813050000,66761602,2026,Non Tender,BLUD,CV. TEAM CORE CONSULTANT,Pengadaan Langsung,Jasa Konsultansi Badan Usaha Non Konstruksi,"Belanja Modal Gedung dan Bangunan BLUD
Jasa Konsultasi Penyusunan Fisibility Study (FS) RSUD Panyabungan",SELESAI,99456000,99456000
KAB. MANDAILING NATAL,RUMAH SAKIT UMUM DAERAH PANYABUNGAN - 1.02.0.00.0.00.02.0001,01KN6E2EEVGVBPBT0D0C46GFM8,66765523,2026,E-Katalog 6.0,BLUD,MERSIFARMA TIRMAKU MERCUSANA,E-Purchasing,Barang,Belanja Barang dan Jasa BLUD,ON PROCESS,30498804,30498804
KAB. MANDAILING NATAL,RUMAH SAKIT UMUM DAERAH PANYABUNGAN - 1.02.0.00.0.00.02.0001,01KS6X813A21VEJQ5VQT3YHCFW,66765523,2026,E-Katalog 6.0,BLUD,SOHO INDUSTRI PHARMASI,E-Purchasing,Barang,Belanja Barang dan Jasa BLUD,ON PROCESS,1105560,1105560
KAB. MANDAILING NATAL,RUMAH SAKIT UMUM DAERAH PANYABUNGAN - 1.02.0.00.0.00.02.0001,01KT68GTHZYTQTH8W9XV3J4HCD,66765523,2026,E-Katalog 6.0,BLUD,DEXA MEDICA,E-Purchasing,Barang,Belanja Barang dan Jasa BLUD,ON PROCESS,54772617,54772617
KAB. MANDAILING NATAL,DINAS PERTANIAN - 3.27.0.00.0.00.22.0000,01KSF6B5PH5ZJKBN8759XAW836,66965740,2026,E-Katalog 6.0,APBD,RIZKI KARYA,E-Purchasing,Barang,Belanja Barang untuk Dijual/Diserahkan kepada Masyarakat,ON PROCESS,153379800,153379800
KAB. MANDAILING NATAL,RUMAH SAKIT UMUM DAERAH PANYABUNGAN - 1.02.0.00.0.00.02.0001,01KQBJ1MGV7FQ0TVF9N6VNQ98Q,66765523,2026,E-Katalog 6.0,BLUD,INFION,E-Purchasing,Barang,Belanja Barang dan Jasa BLUD,ON PROCESS,2224995,0
KAB. MANDAILING NATAL,RUMAH SAKIT UMUM DAERAH PANYABUNGAN - 1.02.0.00.0.00.02.0001,10816515000,66762479,2026,Non Tender,BLUD,CV. RENDER CONSULTANT,Pengadaan Langsung,Jasa Konsultansi Badan Usaha Konstruksi,"Belanja Modal Gedung dan Bangunan BLUD
Konsultansi Perencanaan Gedung Cytotxic",SELESAI,34820700,34820700
KAB. MANDAILING NATAL,RUMAH SAKIT UMUM DAERAH PANYABUNGAN - 1.02.0.00.0.00.02.0001,01KPSWNWZAQMB7M841VXMZVWF6,66765523,2026,E-Katalog 6.0,BLUD,MAHAKAM BETA FARMA,E-Purchasing,Barang,Belanja Barang dan Jasa BLUD,ON PROCESS,16964130,16964130
KAB. MANDAILING NATAL,DINAS PERHUBUNGAN - 2.15.0.00.0.00.14.0000,01KRD281P6STYG3V7G8JCPZNYR,66985720,2026,E-Katalog 6.0,APBD,BUGIS NAULI,E-Purchasing,Barang,Penyediaan LPJU Konvensional Jalan Nasional di Kecamatan Kotanopan ,ON PROCESS,82006800,82006800
KAB. MANDAILING NATAL,RUMAH SAKIT UMUM DAERAH PANYABUNGAN - 1.02.0.00.0.00.02.0001,10805056000,66467248,2026,Non Tender,BLUD,Bejana Utama,Pengadaan Langsung,Pekerjaan Konstruksi,"Belanja Barang dan Jasa BLUD
Pembuatan Grounding",SELESAI,198900900,198900900
KAB. MANDAILING NATAL,SEKRETARIAT DAERAH KABUPATEN - 4.01.5.06.0.00.24.0000,01KKTFM2FD93QQKYESH940KX2W,66360017,2026,E-Katalog 6.0,APBD,BERKAH QYMERA,E-Purchasing,Barang,Belanja Barang untuk Dijual/Diserahkan kepada Masyarakat,ON PROCESS,97014000,97014000
KAB. MANDAILING NATAL,DINAS PERTANIAN - 3.27.0.00.0.00.22.0000,10831322000,66925562,2026,Non Tender,APBD,CV.HD KARYA CONSULTANT,Pengadaan Langsung,Jasa Konsultansi Badan Usaha Konstruksi,Jasa Konsultan Perencanaan Pembangunan/Rehabilitasi Jalan Usaha Tani/Jalan Produksi,SELESAI,24075900,24075900
KAB. MANDAILING NATAL,DINAS PERHUBUNGAN - 2.15.0.00.0.00.14.0000,01KRYYMDW96QJBN9V75HHKDVA1,66985738,2026,E-Katalog 6.0,APBD,MUTIARA MUTIARA ABADI,E-Purchasing,Barang,Penyediaan LPJU Konvensional Jalan Nasional Ladang Sari Gunung Tua Kec. Panyabungan Mpmpang Kec. Panyabungan Utara,ON PROCESS,82140000,82140000
KAB. MANDAILING NATAL,RUMAH SAKIT UMUM DAERAH PANYABUNGAN - 1.02.0.00.0.00.02.0001,01KQ957DKHAP7CDKGK2AWTSJGE,66336035,2026,E-Katalog 6.0,BLUD,MEGA INTI MAKMUR MEDIKA,E-Purchasing,Barang,Belanja Modal Peralatan dan Mesin BLUD,ON PROCESS,145507680,0
KAB. MANDAILING NATAL,RUMAH SAKIT UMUM DAERAH PANYABUNGAN - 1.02.0.00.0.00.02.0001,01KQ95SMMZFFMRK2TV5S7NJ7T8,66335732,2026,E-Katalog 6.0,BLUD,PT. Serenity Indonesia,E-Purchasing,Barang,Belanja Modal Peralatan dan Mesin BLUD,ON PROCESS,56252001,56252001
KAB. MANDAILING NATAL,BAGIAN UMUM - 4.01.5.06.0.00.24.0009,01KH5C0QQTTN3CYN34R65RTPYG,64228005,2026,E-Katalog 6.0,APBD,ARISTA KARYA ABADI,E-Purchasing,Barang,Belanja Modal Kendaraan Dinas Bermotor Perorangan,ON PROCESS,1306800000,0
KAB. MANDAILING NATAL,RUMAH SAKIT UMUM DAERAH PANYABUNGAN - 1.02.0.00.0.00.02.0001,01KNXKYFNC5NR3YS17M56K657Z,66765523,2026,E-Katalog 6.0,BLUD,DARYA-VARIA LABORATORIA,E-Purchasing,Barang,Belanja Barang dan Jasa BLUD,ON PROCESS,2303028,2303028
KAB. MANDAILING NATAL,RUMAH SAKIT UMUM DAERAH PANYABUNGAN - 1.02.0.00.0.00.02.0001,01KNXFC0VVFT1QND6TQKDBV30F,66765523,2026,E-Katalog 6.0,BLUD,DEXA MEDICA,E-Purchasing,Barang,Belanja Barang dan Jasa BLUD,ON PROCESS,133769652,133769652
KAB. MANDAILING NATAL,RUMAH SAKIT UMUM DAERAH PANYABUNGAN - 1.02.0.00.0.00.02.0001,01KQBQY8NY8RA9QXG5VM9A2A7P,66808362,2026,E-Katalog 6.0,BLUD,KIMIA FARMA TRADING & DISTRIBUTION,E-Purchasing,Barang,Belanja Barang dan Jasa BLUD,ON PROCESS,21692219,21692219
KAB. MANDAILING NATAL,RUMAH SAKIT UMUM DAERAH PANYABUNGAN - 1.02.0.00.0.00.02.0001,01KS4CMP3DWYKN2P4GEFMYKBT4,66765523,2026,E-Katalog 6.0,BLUD,PERUSAHAAN PERSEROAN (PERSERO) PT. BIO FARMA DISINGKAT PT. BIO FARMA (PERSERO),E-Purchasing,Barang,Belanja Barang dan Jasa BLUD,ON PROCESS,4680004,4680004
KAB. MANDAILING NATAL,RUMAH SAKIT UMUM DAERAH PANYABUNGAN - 1.02.0.00.0.00.02.0001,10818603000,66762021,2026,Non Tender,BLUD,CV.HD KARYA CONSULTANT,Pengadaan Langsung,Jasa Konsultansi Badan Usaha Konstruksi,"Belanja Modal Gedung dan Bangunan BLUD
Konsultan Perencanaan Gudang Genset,Pembangunan Pagar   
Keliling,Rehab Ruang CT Scan Kedua dan Pembangunan Jalan  
Dalam Lingkungan Rsud",SELESAI,39110850,39110850
KAB. MANDAILING NATAL,DINAS PERDAGANGAN - 3.30.3.31.0.00.23.0000,10858028000,65155629,2026,Non Tender,APBD,CV. AULIA RIZKI PRATAMA,Pengadaan Langsung,Pekerjaan Konstruksi,Pembuatan Grill Penutup Parit/ Drainase Pasar Baru Panyabungan,BERLANGSUNG,119200000,119200000
KAB. MANDAILING NATAL,DINAS PEKERJAAN UMUM DAN PENATAAN RUANG - 1.03.0.00.0.00.03.0000,10888130000,67049403,2026,Non Tender,APBD,CV. SINGOLOT MANIKAM PERSADA,Pengadaan Langsung,Pekerjaan Konstruksi,Normalisasi Sungai Batang Gadis Pada Jembatan Abdul Hakim Ritonga Kec. Panyabungan Utara - Kec. Naga Juang,BERLANGSUNG,392600000,392600000
KAB. MANDAILING NATAL,DINAS PERTANIAN - 3.27.0.00.0.00.22.0000,01KQE8ZES62N7926912XG2PM6R,66965739,2026,E-Katalog 6.0,APBD,RUTAN,E-Purchasing,Barang,Belanja Barang untuk Dijual/Diserahkan kepada Masyarakat,ON PROCESS,412141000,412141000
KAB. MANDAILING NATAL,RUMAH SAKIT UMUM DAERAH PANYABUNGAN - 1.02.0.00.0.00.02.0001,01KQ95J8R35JVNVT52YCQNW6VY,66336292,2026,E-Katalog 6.0,BLUD,PT. Serenity Indonesia,E-Purchasing,Barang,Belanja Modal Peralatan dan Mesin BLUD,ON PROCESS,52152100,52152100
KAB. MANDAILING NATAL,DINAS KESEHATAN - 1.02.0.00.0.00.02.0000,01KPWAY44RWMRPEPZ4H92QTY0B,65477682,2026,E-Katalog 6.0,APBD,BERNOFARM,E-Purchasing,Barang,"Pengadaan Obat, Vaksin (DAU PERUNTUKAN KESEHATAN)",ON PROCESS,329634480,329634480
KAB. MANDAILING NATAL,DINAS PERTANIAN - 3.27.0.00.0.00.22.0000,01KKTJKKMG65Y0GHV2WA5VYH0M,65654436,2026,E-Katalog 6.0,APBD,MUTIARA MUTIARA ABADI,E-Purchasing,Barang,Belanja Bahan-Bahan/Bibit Tanaman,PAYMENT OUTSIDE SYSTEM,387212400,387212400
KAB. MANDAILING NATAL,DINAS PERTANIAN - 3.27.0.00.0.00.22.0000,01KKX6EE49CTFG0NCDQRSE2YEQ,65654477,2026,E-Katalog 6.0,APBD,PUTRA PRATAMA,E-Purchasing,Barang,Belanja Bahan-Bahan/Bibit Tanaman,PAYMENT OUTSIDE SYSTEM,175557000,175557000
KAB. MANDAILING NATAL,RUMAH SAKIT UMUM DAERAH PANYABUNGAN - 1.02.0.00.0.00.02.0001,01KPFS4AR9JWN4WCT2PBV8Y466,66765523,2026,E-Katalog 6.0,BLUD,SATORIA ANEKA INDUSTRI,E-Purchasing,Barang,Belanja Barang dan Jasa BLUD,ON PROCESS,136628568,136628568
KAB. MANDAILING NATAL,RUMAH SAKIT UMUM DAERAH PANYABUNGAN - 1.02.0.00.0.00.02.0001,01KPSZQZPSJBMMQ2TNZPS2B0BB,66765523,2026,E-Katalog 6.0,BLUD,WIGO HEALTH INDONESIA,E-Purchasing,Barang,Belanja Barang dan Jasa BLUD,ON PROCESS,19065138,0
KAB. MANDAILING NATAL,DINAS KESEHATAN - 1.02.0.00.0.00.02.0000,01KR2VKHHEF1AMHQ139291NRWZ,65477997,2026,E-Katalog 6.0,APBD,BERNOFARM,E-Purchasing,Barang,"Belanja Obat-Obatan-Obat -Pengadaan Obat, Vaksin (BOK)",ON PROCESS,99529926,99529926
KAB. MANDAILING NATAL,RUMAH SAKIT UMUM DAERAH PANYABUNGAN - 1.02.0.00.0.00.02.0001,01KTK3EKBGYM40CSAQV5FSZPA2,66765523,2026,E-Katalog 6.0,BLUD,MAHAKAM BETA FARMA,E-Purchasing,Barang,Belanja Barang dan Jasa BLUD,ON PROCESS,12432000,12432000
KAB. MANDAILING NATAL,RUMAH SAKIT UMUM DAERAH PANYABUNGAN - 1.02.0.00.0.00.02.0001,01KQ9621631BYARFS9P4BT47T1,66335380,2026,E-Katalog 6.0,BLUD,PT. Serenity Indonesia,E-Purchasing,Barang,Belanja Modal Peralatan dan Mesin BLUD,ON PROCESS,44120100,44120100
KAB. MANDAILING NATAL,DINAS KEPENDUDUKAN DAN PENCATATAN SIPIL - 2.12.0.00.0.00.11.0000,01KP2GSJNFBP36DYTRC291QGG8,66841456,2026,E-Katalog 6.0,APBD,KREASI KENANGA,E-Purchasing,Barang,Belanja Alat/Bahan untuk Kegiatan Kantor-Alat Tulis Kantor,PAYMENT OUTSIDE SYSTEM,66002376,66002376
KAB. MANDAILING NATAL,DINAS PERHUBUNGAN - 2.15.0.00.0.00.14.0000,01KRZSTH4WKKKH343P31Q71BTM,66985678,2026,E-Katalog 6.0,APBD,BINTANG KARYA BHAKTI,E-Purchasing,Barang,Belanja Bola Lampu LED Street Light (Pemeliharaan),ON PROCESS,35520000,35520000
KAB. MANDAILING NATAL,DINAS PERHUBUNGAN - 2.15.0.00.0.00.14.0000,01KT8P84YB2A4AKGPF3RZGNS94,67147720,2026,E-Katalog 6.0,APBD,CV SMART APPLICATION SYSTEM,E-Purchasing,Jasa Lainnya,Belanja Pemeliharaan dan Upgrade Aplikasi Fullcycle,ON PROCESS,58800000,58800000
KAB. MANDAILING NATAL,DINAS KESEHATAN - 1.02.0.00.0.00.02.0000,10799783000,65453391,2026,Non Tender,APBD,CV LAURA,Pengadaan Langsung,Jasa Konsultansi Badan Usaha Konstruksi,Belanja Jasa Tenaga Penanganan Prasarana dan Sarana Umum-Jasa Konsultan Penyusunan Dokumen UKL-UPL dan Study Kelayakan Pembangunan Laboratorium Kesehatan Masyarakat Kabupaten Mandailing Natal.,SELESAI,74814555,74814555
KAB. MANDAILING NATAL,DINAS PERTANIAN - 3.27.0.00.0.00.22.0000,01KJVKCBQ4VSZ6Z6CK5XR8WR9V,65654504,2026,E-Katalog 6.0,APBD,GIAZ UTAMA MANDIRI,E-Purchasing,Barang,Belanja Bahan-Bahan/Bibit Tanaman,PAYMENT OUTSIDE SYSTEM,590182300,590182300
KAB. MANDAILING NATAL,INSPEKTORAT DAERAH KABUPATEN - 6.01.0.00.0.00.30.0000,10887480000,66174218,2026,Non Tender,APBD,ARION ADONAY CONSULTANT,Pengadaan Langsung,Jasa Konsultansi Badan Usaha Konstruksi,Jasa Konsultasi Perencanaan Pembangunan Gedung Inspektorat (Tahap II),BERLANGSUNG,99789000,99789000
KAB. MANDAILING NATAL,RUMAH SAKIT UMUM DAERAH PANYABUNGAN - 1.02.0.00.0.00.02.0001,01KNKKAR7AR1NZY18HRCH60HD1,66765523,2026,E-Katalog 6.0,BLUD,YARINDO FARMATAMA,E-Purchasing,Barang,Belanja Barang dan Jasa BLUD,ON PROCESS,12218325,12218325
KAB. MANDAILING NATAL,RUMAH SAKIT UMUM DAERAH PANYABUNGAN - 1.02.0.00.0.00.02.0001,01KSRZ22J5BT27VE1ZDJF2JD3T,66765523,2026,E-Katalog 6.0,BLUD,ASTRAZENECA INDONESIA,E-Purchasing,Barang,Belanja Barang dan Jasa BLUD,ON PROCESS,21174249,0
KAB. MANDAILING NATAL,DINAS KEPENDUDUKAN DAN PENCATATAN SIPIL - 2.12.0.00.0.00.11.0000,01KPQEKRF9XTCETXKPAC9Y8N2A,66115972,2026,E-Katalog 6.0,APBD,VIRGO WIRA PERKASA,E-Purchasing,Barang,Belanja Alat/Bahan untuk Kegiatan Kantor-Bahan Komputer,PAYMENT OUTSIDE SYSTEM,633518070,633518070
KAB. MANDAILING NATAL,RUMAH SAKIT UMUM DAERAH PANYABUNGAN - 1.02.0.00.0.00.02.0001,01KNKCMF7JMYG6DZ3C2KVZ3XG8,66765523,2026,E-Katalog 6.0,BLUD,ASTRAZENECA INDONESIA,E-Purchasing,Barang,Belanja Barang dan Jasa BLUD,ON PROCESS,42348498,0
KAB. MANDAILING NATAL,DINAS PERDAGANGAN - 3.30.3.31.0.00.23.0000,10858030000,65155607,2026,Non Tender,APBD,CV. BANGKIT BERSAMA GROUP,Pengadaan Langsung,Pekerjaan Konstruksi,Rehabilitasi Pasar Sinonoan Kecamatan Siabu,BERLANGSUNG,149200000,149200000
KAB. MANDAILING NATAL,DINAS PERTANIAN - 3.27.0.00.0.00.22.0000,01KKDKJA0VZ1BFCVF010YRJM7B,65654718,2026,E-Katalog 6.0,APBD,SETYA SARI SUKSES,E-Purchasing,Barang,Belanja Obat-Obatan-Obat-Obatan Lainnya,PAYMENT OUTSIDE SYSTEM,60299680,60299680
KAB. MANDAILING NATAL,DINAS PERDAGANGAN - 3.30.3.31.0.00.23.0000,01KJPRKEQJD5ZZYF54Z5CQQMSS,65155872,2026,E-Katalog 6.0,APBD,HANAYA KARYA PERSADA,E-Purchasing,Jasa Lainnya,Belanja Jasa Tenaga Kebersihan dan Jasa Tenaga Keamanan Pasar,ON PROCESS,1014000000,1014000000
KAB. MANDAILING NATAL,RUMAH SAKIT UMUM DAERAH PANYABUNGAN - 1.02.0.00.0.00.02.0001,01KQ19TK5QFC03M14D1SZJRDHH,66765523,2026,E-Katalog 6.0,BLUD,NOVELL PHARMACEUTICAL LABORATORIES,E-Purchasing,Barang,Belanja Barang dan Jasa BLUD,ON PROCESS,3907200,3907200
KAB. MANDAILING NATAL,DINAS LINGKUNGAN HIDUP - 2.11.0.00.0.00.10.0000,01KRFR52N873P2VVQPRWYX5J6S,67018640,2026,E-Katalog 6.0,APBD,BARINGIN MADANI,E-Purchasing,Jasa Lainnya,Belanja Jasa Tenaga Kebersihan,ON PROCESS,588000000,588000000
KAB. MANDAILING NATAL,RUMAH SAKIT UMUM DAERAH PANYABUNGAN - 1.02.0.00.0.00.02.0001,01KPT0P7Y6FAX98S2BK3SGFRFJ,66334964,2026,E-Katalog 6.0,BLUD,JAYAMAS MEDICA INDUSTRI,E-Purchasing,Barang,Belanja Modal Peralatan dan Mesin BLUD,ON PROCESS,110556000,110556000
KAB. MANDAILING NATAL,RUMAH SAKIT UMUM DAERAH PANYABUNGAN - 1.02.0.00.0.00.02.0001,10811203000,66698648,2026,Non Tender,BLUD,cv. bugis nauli,Pengadaan Langsung,Pekerjaan Konstruksi,"Belanja Modal Gedung dan Bangunan BLUD
Instalasi dan Pemasangan Gas Medis Pada Gedung Radiologi",SELESAI,147901347,147901347
KAB. MANDAILING NATAL,DINAS KESEHATAN - 1.02.0.00.0.00.02.0000,01KR3BJ6YHZNGZN1QK6KNFQV5B,65477682,2026,E-Katalog 6.0,APBD,BERNOFARM,E-Purchasing,Barang,"Pengadaan Obat, Vaksin (DAU PERUNTUKAN KESEHATAN)",ON PROCESS,48719565,48719565
KAB. MANDAILING NATAL,RUMAH SAKIT UMUM DAERAH PANYABUNGAN - 1.02.0.00.0.00.02.0001,01KQ1CPKRJ52RPRRQGP6H7JZFN,66808362,2026,E-Katalog 6.0,BLUD,ESSITY HYGIENE AND HEALTH INDONESIA,E-Purchasing,Barang,Belanja Barang dan Jasa BLUD,ON PROCESS,21695172,21695172
KAB. MANDAILING NATAL,RUMAH SAKIT UMUM DAERAH PANYABUNGAN - 1.02.0.00.0.00.02.0001,01KP7TQQAQMJQ0XR36C5PTX8P0,66336477,2026,E-Katalog 6.0,BLUD,MEDTEK,E-Purchasing,Barang,Belanja Modal Peralatan dan Mesin BLUD,ON PROCESS,54667500,0
KAB. MANDAILING NATAL,RUMAH SAKIT UMUM DAERAH PANYABUNGAN - 1.02.0.00.0.00.02.0001,01KN66DAG6A4KPJ5XPRYZHNDGD,66765523,2026,E-Katalog 6.0,BLUD,FERRON PAR PHARMACEUTICALS,E-Purchasing,Barang,Belanja Barang dan Jasa BLUD,ON PROCESS,1754910,1754910
KAB. MANDAILING NATAL,RUMAH SAKIT UMUM DAERAH PANYABUNGAN - 1.02.0.00.0.00.02.0001,01KQBV392EFKPK165NCJPBSXD7,66765523,2026,E-Katalog 6.0,BLUD,TRIFA RAYA LABORATORIES,E-Purchasing,Barang,Belanja Barang dan Jasa BLUD,ON PROCESS,8757900,8757900
KAB. MANDAILING NATAL,DINAS KESEHATAN - 1.02.0.00.0.00.02.0000,01KPT3PW51Z5Z9CYH7D1A9WXFG,65477997,2026,E-Katalog 6.0,APBD,BERNOFARM,E-Purchasing,Barang,"Belanja Obat-Obatan-Obat -Pengadaan Obat, Vaksin (BOK)",ON PROCESS,599407881,599407881
KAB. MANDAILING NATAL,RUMAH SAKIT UMUM DAERAH PANYABUNGAN - 1.02.0.00.0.00.02.0001,01KQKERZ6EF5ER65AW9CB17TNA,66808316,2026,E-Katalog 6.0,BLUD,INSABA MEDIA UTAMA,E-Purchasing,Barang,Belanja Barang dan Jasa BLUD,ON PROCESS,32705040,32705040
